Number_1,Number_2,Number_3,Number_4,Number_5,Number_6
08, 24, 30, 45, 61, 05
10, 28, 52, 63, 03, 05
06, 44, 61, 29, 40, 47
50, 57, 19, 22, 31, 37
54, 10, 24, 48, 51, 66
10, 17, 33, 51, 64, 08
10, 17, 55, 66, 21, 33
54, 61, 67, 13, 22, 47
51, 55, 08, 34, 35, 41
52, 13, 62, 65, 67, 69
06, 37, 39, 45, 46, 04
24, 34, 45, 57, 08, 10
19, 44, 47, 03, 19, 53
60, 68, 06, 12, 23, 29
57, 03, 16, 19, 36, 60
13, 16, 40, 64, 68, 12
20, 37, 41, 64, 03, 10
22, 65, 66, 05, 11, 41
44, 55, 15, 34, 36, 69
70, 01, 02, 23, 40, 45
04, 37, 46, 48, 51, 16
18, 28, 42, 43, 03, 15
16, 32, 41, 18, 38, 53
62, 64, 08, 29, 46, 47
48, 03, 21, 29, 46, 63
07, 09, 15, 19, 25, 23
27, 41, 48, 51, 31, 35
53, 54, 55, 12, 32, 49
51, 66, 01, 37, 45, 62
64, 16, 26, 27, 42, 61
02, 03, 18, 32, 68, 14
17, 33, 42, 66, 01, 21
25, 27, 40, 26, 28, 29
39, 49, 01, 07, 23, 38
55, 09, 20, 59, 60, 63
15, 22, 25, 28, 69, 08
25, 36, 39, 67, 14, 16
40, 52, 59, 02, 22, 49
65, 67, 02, 15, 30, 36
63, 02, 33, 38, 57, 70
23, 24, 35, 40, 43, 20
29, 30, 52, 58, 09, 15
46, 55, 57, 01, 04, 50
54, 59, 07, 09, 18, 29
39, 04, 43, 46, 47, 33
41, 47, 50, 62, 20, 29
31, 64, 66, 02, 12, 18
24, 39, 30, 43, 45, 46
61, 07, 13, 14, 15, 18
03, 20, 46, 59, 63, 25
29, 33, 41, 44, 01, 03
06, 44, 51, 09, 13, 36
59, 61, 15, 21, 32, 38
62, 03, 04, 33, 36, 52
08, 35, 40, 53, 56, 14
22, 48, 58, 68, 08, 19
53, 61, 69, 15, 16, 19
28, 47, 01, 21, 36, 46
52, 20, 23, 37, 46, 52
29, 31, 46, 54, 67, 13
23, 24, 25, 43, 02, 14
16, 38, 66, 06, 19, 28
46, 61, 01, 05, 17, 37
70, 05, 13, 29, 38, 59
02, 20, 47, 55, 59, 05
09, 15, 16, 17, 04, 18
31, 53, 69, 21, 30, 35
45, 66, 34, 36, 43, 45
68, 01, 15, 20, 44, 67
09, 22, 26, 41, 44, 03
07, 11, 13, 38, 06, 11
29, 36, 55, 15, 18, 25
33, 38, 16, 26, 37, 40
51, 08, 14, 24, 43, 51
05, 50, 53, 58, 64, 09
21, 28, 30, 52, 15, 30
35, 38, 66, 14, 25, 38
59, 64, 16, 21, 54, 55
69, 06, 17, 46, 59, 68
39, 40, 52, 60, 67, 02
38, 55, 57, 65, 06, 27
30, 38, 64, 03, 05, 47
48, 67, 12, 18, 24, 46
65, 33, 35, 41, 45, 51
23, 24, 50, 54, 64, 01
08, 10, 25, 32, 02, 05
29, 64, 69, 10, 14, 25
37, 63, 13, 36, 45, 57
